<rooms>
	<room name="0" difficulty="easy" size="1x1" leftDoor="1" rightDoor="1" topDoor="0" bottomDoor="0">
		<hole id="0" x="1" y="1"/>
		<hole id="0" x="2" y="1"/>
		<hole id="0" x="3" y="1"/>
		<hole id="0" x="4" y="1"/>
		<hole id="0" x="5" y="1"/>
		<hole id="0" x="6" y="1"/>
		<hole id="0" x="7" y="1"/>
		<hole id="0" x="8" y="1"/>
		<hole id="0" x="9" y="1"/>
		<hole id="0" x="10" y="1"/>
		<hole id="0" x="11" y="1"/>
		<hole id="0" x="12" y="1"/>
		<hole id="0" x="13" y="1"/>
		<hole id="0" x="2" y="7"/>
		<hole id="0" x="3" y="7"/>
		<hole id="0" x="4" y="7"/>
		<hole id="0" x="5" y="7"/>
		<hole id="0" x="6" y="7"/>
		<hole id="0" x="7" y="7"/>
		<hole id="0" x="8" y="7"/>
		<hole id="0" x="9" y="7"/>
		<hole id="0" x="10" y="7"/>
		<hole id="0" x="11" y="7"/>
		<hole id="0" x="12" y="7"/>
		<hole id="0" x="13" y="7"/>
		<hole id="0" x="1" y="2"/>
		<hole id="0" x="1" y="3"/>
		<hole id="0" x="1" y="5"/>
		<hole id="0" x="1" y="6"/>
		<hole id="0" x="1" y="7"/>
		<hole id="0" x="13" y="1"/>
		<hole id="0" x="13" y="2"/>
		<hole id="0" x="13" y="3"/>
		<hole id="0" x="13" y="5"/>
		<hole id="0" x="13" y="6"/>
		<entity id="0" x="2" y="2"/>
	</room>
	<room name="1" difficulty="easy" size="1x1" leftDoor="1" rightDoor="1" topDoor="1" bottomDoor="1">
		<hole id="0" x="1" y="1"/>
		<hole id="0" x="2" y="1"/>
		<hole id="0" x="3" y="1"/>
		<hole id="0" x="4" y="1"/>
		<hole id="0" x="5" y="1"/>
		<hole id="0" x="6" y="1"/>
		<hole id="0" x="8" y="1"/>
		<hole id="0" x="9" y="1"/>
		<hole id="0" x="10" y="1"/>
		<hole id="0" x="11" y="1"/>
		<hole id="0" x="12" y="1"/>
		<hole id="0" x="13" y="1"/>
		<hole id="0" x="2" y="7"/>
		<hole id="0" x="3" y="7"/>
		<hole id="0" x="4" y="7"/>
		<hole id="0" x="5" y="7"/>
		<hole id="0" x="6" y="7"/>
		<hole id="0" x="8" y="7"/>
		<hole id="0" x="9" y="7"/>
		<hole id="0" x="10" y="7"/>
		<hole id="0" x="11" y="7"/>
		<hole id="0" x="12" y="7"/>
		<hole id="0" x="13" y="7"/>
		<hole id="0" x="1" y="2"/>
		<hole id="0" x="1" y="3"/>
		<hole id="0" x="1" y="5"/>
		<hole id="0" x="1" y="6"/>
		<hole id="0" x="1" y="7"/>
		<hole id="0" x="13" y="1"/>
		<hole id="0" x="13" y="2"/>
		<hole id="0" x="13" y="3"/>
		<hole id="0" x="13" y="5"/>
		<hole id="0" x="13" y="6"/>
		<entity id="0" x="2" y="2"/>
	</room>
	<room name="2" difficulty="easy" size="1x1" leftDoor="1" rightDoor="0" topDoor="1" bottomDoor="1">
		<wall id="0" x="1" y="1"/>
		<wall id="0" x="2" y="1"/>
		<wall id="0" x="3" y="1"/>
		<wall id="0" x="1" y="2"/>
		<wall id="0" x="2" y="2"/>
		<wall id="0" x="1" y="3"/>
		<wall id="0" x="1" y="7"/>
		<wall id="0" x="2" y="7"/>
		<wall id="0" x="3" y="7"/>
		<wall id="0" x="1" y="6"/>
		<wall id="0" x="2" y="6"/>
		<wall id="0" x="1" y="5"/>
		<hole id="0" x="13" y="1"/>
		<hole id="0" x="13" y="2"/>
		<hole id="0" x="13" y="3"/>
		<hole id="0" x="13" y="4"/>
		<hole id="0" x="13" y="5"/>
		<hole id="0" x="13" y="6"/>
		<hole id="0" x="13" y="7"/>
	</room>
	<room name="3" difficulty="easy" size="1x1" leftDoor="0" rightDoor="1" topDoor="1" bottomDoor="1">
		<wall id="0" x="1" y="1"/>
		<wall id="0" x="1" y="2"/>
		<wall id="0" x="1" y="3"/>
		<wall id="0" x="1" y="4"/>
		<wall id="0" x="1" y="5"/>
		<wall id="0" x="1" y="6"/>
		<wall id="0" x="1" y="7"/>
		<wall id="0" x="2" y="2"/>
		<wall id="0" x="2" y="3"/>
		<wall id="0" x="2" y="4"/>
		<wall id="0" x="2" y="5"/>
		<wall id="0" x="2" y="6"/>
		<wall id="0" x="3" y="3"/>
		<wall id="0" x="3" y="4"/>
		<wall id="0" x="3" y="5"/>
		<wall id="0" x="4" y="4"/>
		<wall id="0" x="11" y="1"/>
		<wall id="0" x="12" y="1"/>
		<wall id="0" x="13" y="1"/>
		<wall id="0" x="11" y="2"/>
		<wall id="0" x="12" y="2"/>
		<wall id="0" x="11" y="3"/>
		<wall id="0" x="11" y="7"/>
		<wall id="0" x="12" y="7"/>
		<wall id="0" x="13" y="7"/>
		<wall id="0" x="11" y="6"/>
		<wall id="0" x="12" y="6"/>
		<wall id="0" x="11" y="5"/>
	</room>
</rooms>